<?xml version="1.0" encoding="UTF-8" standalone="yes" ?>
<CodeBlocks_layout_file>
	<FileVersion major="1" minor="0" />
	<ActiveTarget name="Debug" />
	<File name="LinkedListNode.h" open="1" top="0" tabpos="3" split="0" active="1" splitpos="0" zoom_1="0" zoom_2="0">
		<Cursor>
			<Cursor1 position="1480" topLine="51" />
		</Cursor>
	</File>
	<File name="Stack.h" open="1" top="1" tabpos="2" split="0" active="1" splitpos="0" zoom_1="0" zoom_2="0">
		<Cursor>
			<Cursor1 position="205" topLine="11" />
		</Cursor>
	</File>
	<File name="main.cpp" open="1" top="0" tabpos="1" split="0" active="1" splitpos="0" zoom_1="0" zoom_2="0">
		<Cursor>
			<Cursor1 position="491" topLine="0" />
		</Cursor>
	</File>
</CodeBlocks_layout_file>
