<?xml version="1.0" encoding="UTF-8" standalone="yes" ?>
<CodeBlocks_layout_file>
	<FileVersion major="1" minor="0" />
	<ActiveTarget name="Debug" />
	<File name="main.cpp" open="1" top="1" tabpos="2" split="0" active="1" splitpos="0" zoom_1="5" zoom_2="0">
		<Cursor>
			<Cursor1 position="161" topLine="0" />
		</Cursor>
	</File>
	<File name="Stack.h" open="1" top="0" tabpos="1" split="0" active="1" splitpos="0" zoom_1="7" zoom_2="0">
		<Cursor>
			<Cursor1 position="65" topLine="0" />
		</Cursor>
	</File>
</CodeBlocks_layout_file>
