<?xml version="1.0" encoding="UTF-8" standalone="yes" ?>
<CodeBlocks_layout_file>
	<FileVersion major="1" minor="0" />
	<ActiveTarget name="Debug" />
	<File name="main.cpp" open="1" top="0" tabpos="1" split="0" active="1" splitpos="0" zoom_1="0" zoom_2="0">
		<Cursor>
			<Cursor1 position="0" topLine="0" />
		</Cursor>
	</File>
	<File name="TreeNode.h" open="1" top="1" tabpos="3" split="0" active="1" splitpos="0" zoom_1="0" zoom_2="0">
		<Cursor>
			<Cursor1 position="0" topLine="0" />
		</Cursor>
	</File>
	<File name="BinarySearchTree.h" open="1" top="0" tabpos="2" split="0" active="1" splitpos="0" zoom_1="0" zoom_2="0">
		<Cursor>
			<Cursor1 position="220" topLine="0" />
		</Cursor>
	</File>
</CodeBlocks_layout_file>
